Time (s),Fluorescence Intensity (a.u.)
0.0,541.0028812512862
4.304833173751831,546.201688815061
8.360059261322021,544.7445940432476
12.406596899032593,551.0825407608696
16.45797348022461,550.5886548913044
